id,name,position,department,salary,email,dob,office,home_address,hired_date,contract,nin,emergency_name,emergency_relationship,emergency_phone
12211384,Colman Quinion,Factory Worker,Operations,26857,Colman.Quinion@kilburnazon.com,23/06/1995,Scotland Distribution Centre,906 Menomonie Circle,29/03/2019,Part-Time,AG066537A,,Mother,07831 106222
12213598,Wendye Lightbown,Factory Worker,Operations,29448,Wendye.Lightbown@kilburnazon.com,11/09/1984,Northern Ireland Distribution Centre,23476 Fair Oaks Crossing,25/07/2019,Full-Time,YD516559D,Marjy Widdison,,
14218309,Colette McChruiter,Industry Researcher,Marketing,28946,Colette.McChruiter@kilburnazon.com,27/09/1996,Broadgate Tower,227 Green Ridge Junction,01/05/2023,Freelance,YK615192A,Brianna Harlock,Husband,07181 235352
12212691,Maris Bossom,Factory Worker,Operations,24961,Maris.Bossom@kilburnazon.com,29/06/1992,England Central Distribution Centre,55 Spaight Circle,15/05/2022,Part-Time,RG359319A,Cullan Mollitt,,07691 319082
12213974,Sigismondo Shorland,Factory Worker,Operations,26620,Sigismondo.Shorland@kilburnazon.com,16/01/1995,Scotland Distribution Centre,6 Quincy Street,03/01/2017,Full-Time,BV974391A,Nikolai Agiolfinger,Girlfriend,07169 431350
12314667,Sileas Brooksbank,Delivery Driver,Operations,25331,Sileas.Brooksbank@kilburnazon.com,27/05/1993,Scotland Distribution Centre,1364 Hermina Alley,06/10/2019,Freelance,JF077926D,,,
12214105,Brandi Charrier,Factory Worker,Operations,28395,Brandi.Charrier@kilburnazon.com,08/03/1982,Wales Distribution Centre,85503 Dahle Circle,04/05/2019,Full-Time,IW006546D,Amii De Simone,Boyfriend,07735 915033
12216285,Tammara Cristoforo,Factory Worker,Operations,22899,Tammara.Cristoforo@kilburnazon.com,07/05/1981,Scotland Distribution Centre,9 Golf Drive,14/10/2022,Full-Time,IM822270A,Worth Dearn,Husband,07104 872801
12217385,Shannah Langelaan,Factory Worker,Operations,25837,Shannah.Langelaan@kilburnazon.com,23/04/1982,Northern Ireland Distribution Centre,89 Vermont Parkway,17/06/2015,Full-Time,YK800571D,Roma Getcliff,Husband,07770 964810
1221452,Harriott Pinn,Factory Worker,Operations,29230,Harriott.Pinn@kilburnazon.com,28/05/2009,Northern Ireland Distribution Centre,94695 Oak Valley Drive,04/05/2015,Full-Time,SB900295A,Ella Huygen,,07527 612710
12212104,Gael Poulston,Factory Worker,Operations,29807,Gael.Poulston@kilburnazon.com,26/01/2010,England North Distribution Centre,484 Scoville Avenue,20/11/2017,Part-Time,EF123771D,,,07521 164356
12113642,Scarface Gavaran,Health & Safety Officer,Operations,29686,Scarface.Gavaran@kilburnazon.com,23/09/1996,England Central Distribution Centre,51060 Anderson Drive,30/08/2023,Full-Time,WF788117C,Jaynell Sprey,Girlfriend,07997 333416
12111522,Marten Eskrick,Health & Safety Officer,Operations,29570,Marten.Eskrick@kilburnazon.com,11/02/1988,Wales Distribution Centre,0488 Michigan Avenue,23/12/2021,Part-Time,HO238829D,Isador Struttman,Girlfriend,07228 700712
14219116,Cosmo Challicombe,Industry Researcher,Marketing,27254,Cosmo.Challicombe@kilburnazon.com,13/02/1997,Kilburn Building,87 Comanche Trail,29/11/2019,Full-Time,IB014432A,,Girlfriend,07527 844139
12215160,Roma Raynham,Factory Worker,Operations,25429,Roma.Raynham@kilburnazon.com,12/04/2002,Wales Distribution Centre,83055 5th Junction,03/07/2017,Full-Time,WL256374C,,Father,
12314327,Lucien Pfeiffer,Delivery Driver,Operations,28500,Lucien.Pfeiffer@kilburnazon.com,12/06/1981,Northern Ireland Distribution Centre,56692 Esker Plaza,01/11/2018,Freelance,AA005657A,Rice Skentelbury,Father,07208 447376
12215504,Glori Childes,Factory Worker,Operations,28468,Glori.Childes@kilburnazon.com,03/04/1990,Wales Distribution Centre,83346 Montana Crossing,30/11/2022,Full-Time,BS841445B,Powell Haszard,Wife,07843 627553
12317934,Phylis Shemwell,Delivery Driver,Operations,26136,Phylis.Shemwell@kilburnazon.com,05/11/1987,Northern Ireland Distribution Centre,5604 Chinook Hill,08/04/2016,Full-Time,LT510431B,Gloria Highwood,Boyfriend,07196 818911
12213124,Gideon Pridham,Factory Worker,Operations,25612,Gideon.Pridham@kilburnazon.com,26/01/1981,England North Distribution Centre,7640 Hauk Trail,22/02/2015,Full-Time,LY731522C,Mellisa Warriner,,07624 054614
15113827,Codie Beards,Front End Developer,Technology,38820,Codie.Beards@kilburnazon.com,17/11/2004,Kilburn Building,7 Corben Road,12/03/2024,Freelance,QS611097B,Kassi Flay,Father,07204 608582
12217795,Monty Ambrozik,Factory Worker,Operations,25346,Monty.Ambrozik@kilburnazon.com,17/10/1979,England Central Distribution Centre,1538 Linden Way,24/01/2024,Full-Time,XL643171C,Angy Recke,Mother,07027 376702
12215479,Raeann McGann,Factory Worker,Operations,24709,Raeann.McGann@kilburnazon.com,25/07/1976,Wales Distribution Centre,880 Ridgeview Circle,11/01/2017,Full-Time,LH242707D,,Wife,07866 056882
14119372,Peirce Stoyell,Brand Developer,Marketing,22515,Peirce.Stoyell@kilburnazon.com,03/10/1982,Lewis Building,903 Claremont Street,13/10/2020,Freelance,VQ308399D,Doria Johanchon,Civil Partner,07036 960338
12217867,Austin Lambertini,Factory Worker,Operations,23623,Austin.Lambertini@kilburnazon.com,10/02/1983,Scotland Distribution Centre,0365 Ludington Terrace,03/12/2021,Full-Time,DB481685B,Dorise Rait,Father,07004 169110
12219175,Suzanne Spillane,Factory Worker,Operations,23367,Suzanne.Spillane@kilburnazon.com,30/10/1987,Wales Distribution Centre,6945 Logan Street,26/08/2019,Full-Time,VC486847C,Andrej Ratke,,07715 401737
12215254,Bev Duddin,Factory Worker,Operations,27170,Bev.Duddin@kilburnazon.com,11/01/1979,Northern Ireland Distribution Centre,13 Miller Plaza,18/10/2019,Full-Time,RI956084A,Hussein Gurg,Husband,07657 688119
12215877,Grantham Croose,Factory Worker,Operations,28331,Grantham.Croose@kilburnazon.com,24/05/1986,Scotland Distribution Centre,5 Jay Street,20/11/2017,Full-Time,PA064813C,Beltran Blunkett,,07615 215737
12212991,Kerrie Weedon,Factory Worker,Operations,27826,Kerrie.Weedon@kilburnazon.com,24/11/1994,England South Distribution Centre,13 Ridgeview Street,22/03/2018,Full-Time,DD817948C,Bob Polin,Boyfriend,07684 634429
12314528,Kingsley Santoro,Delivery Driver,Operations,33011,Kingsley.Santoro@kilburnazon.com,31/05/2005,Scotland Distribution Centre,5 Anderson Center,28/07/2017,Part-Time,JS005009C,,Wife,07870 741081
14212158,Zacharias Tomlett,Industry Researcher,Marketing,28703,Zacharias.Tomlett@kilburnazon.com,20/08/1986,Lewis Building,679 Brown Hill,01/05/2018,Full-Time,TK940382B,Minda Ferrillo,Mother,07056 710360
12213724,Craggie McKernan,Factory Worker,Operations,26303,Craggie.McKernan@kilburnazon.com,26/01/1979,Wales Distribution Centre,6 Toban Court,31/03/2016,Part-Time,IW726530A,Kimbra Forman,Wife,
12315825,Dorita Ilyunin,Delivery Driver,Operations,25521,Dorita.Ilyunin@kilburnazon.com,09/07/2002,Wales Distribution Centre,6902 La Follette Pass,13/03/2018,Full-Time,OU700204C,Geordie Lyall,Girlfriend,07306 693225
12116601,Christie Pischoff,Health & Safety Officer,Operations,23242,Christie.Pischoff@kilburnazon.com,15/10/1981,Scotland Distribution Centre,39695 Sunbrook Plaza,05/01/2017,Full-Time,YN332435C,Illa O'Hanley,Husband,07632 770322
12112639,Aurilia Dove,Health & Safety Officer,Operations,23283,Aurilia.Dove@kilburnazon.com,27/09/1998,Scotland Distribution Centre,1 Corry Court,05/03/2023,Full-Time,MZ652678D,Stanly Grindell,Wife,07325 756690
12215805,Hallsy Hitzke,Factory Worker,Operations,22579,Hallsy.Hitzke@kilburnazon.com,09/01/2002,England North Distribution Centre,1543 4th Trail,31/05/2023,Full-Time,PI475660C,,Boyfriend,
12211435,Tommie Roxbrough,Factory Worker,Operations,26893,Tommie.Roxbrough@kilburnazon.com,13/09/2007,England North Distribution Centre,81047 Summerview Trail,24/08/2021,Full-Time,MC945932A,Hobey Couchman,,07765 987470
14213503,Merle Lehrahan,Industry Researcher,Marketing,29514,Merle.Lehrahan@kilburnazon.com,16/12/1990,Lewis Building,22 Aberg Trail,03/03/2024,Full-Time,CP398627A,Aluin Humbell,Mother,
13110482,Jayme Greiswood,Accountant,Finance,33681,Jayme.Greiswood@kilburnazon.com,11/11/1991,Kilburn Building,70 Farragut Lane,16/08/2018,Full-Time,PH455369B,Hayward Norley,Mother,07832 036596
14113626,Eberhard Pepi,Brand Developer,Marketing,23218,Eberhard.Pepi@kilburnazon.com,03/09/1978,Kilburn Building,4323 Vernon Lane,11/08/2020,Full-Time,BY151362A,Tabbie Gilphillan,,07678 551130
12212155,Arie Papworth,Factory Worker,Operations,23437,Arie.Papworth@kilburnazon.com,22/07/1994,England South Distribution Centre,4 Bartillon Circle,27/04/2016,Full-Time,NS449797D,,Husband,
12118412,Bordy Langhorne,Health & Safety Officer,Operations,33345,Bordy.Langhorne@kilburnazon.com,06/05/1993,Northern Ireland Distribution Centre,2 North Way,02/03/2016,Full-Time,QS763259D,Chrysa Stodd,Husband,07196 158363
1221265,Russ Cutchie,Factory Worker,Operations,25416,Russ.Cutchie@kilburnazon.com,08/09/1985,Northern Ireland Distribution Centre,661 Gale Road,15/02/2015,Part-Time,BZ630455D,,,07070 997812
15111844,Tiphany Ricci,Front End Developer,Technology,38197,Tiphany.Ricci@kilburnazon.com,19/12/1987,Lewis Building,71746 Division Court,21/11/2018,Freelance,OJ317301B,Artemus Gile,Wife,07077 101937
12211197,Salmon Petegre,Factory Worker,Operations,22669,Salmon.Petegre@kilburnazon.com,11/11/1978,Wales Distribution Centre,65790 Buell Plaza,31/03/2023,Full-Time,VH028029C,Mitchell Slessar,Wife,07217 353647
14316158,Janessa Hilldrup,Product Designer,Marketing,24021,Janessa.Hilldrup@kilburnazon.com,12/07/2008,Lewis Building,7 Dorton Way,21/08/2016,Full-Time,JO147528A,Denny Nicolson,Wife,07123 801554
11223214,Sarah Turing,CTO,Executive,n/d,Sarah.Turing@kilburnazon.com,23/08/1977,Kilburn Building,462 Westerfield Road,02/12/2017,Full-Time,LQ649084C,Agosto Hoggan,Boyfriend,07760 801643
12214822,Silvie Pitone,Factory Worker,Operations,29524,Silvie.Pitone@kilburnazon.com,06/11/1985,England North Distribution Centre,19 Utah Junction,10/04/2022,Full-Time,EC081603D,Orran Dummigan,Father,07769 506815
12218788,Philis Dosdale,Factory Worker,Operations,29490,Philis.Dosdale@kilburnazon.com,24/10/1980,England South Distribution Centre,70 Delaware Street,13/07/2021,Full-Time,NV495682B,Elonore Hair,Father,07428 928875
12217876,Matias Tuttle,Factory Worker,Operations,25796,Matias.Tuttle@kilburnazon.com,02/01/1977,Northern Ireland Distribution Centre,12 Holmberg Alley,21/01/2017,Full-Time,CM486322A,Ole Habard,Father,07385 115626
15211173,Colas Rignoldes,Back End Developer,Technology,35925,Colas.Rignoldes@kilburnazon.com,21/09/1982,Kilburn Building,1448 Springview Point,09/04/2022,Full-Time,TM708308D,,Father,
14312012,Ondrea Brewitt,Product Designer,Marketing,22872,Ondrea.Brewitt@kilburnazon.com,18/12/1979,Kilburn Building,47 Welch Way,02/06/2016,Full-Time,WQ882395C,Elita Pohls,Civil Partner,
15419427,Fergus Blacker,Junior Developer,Technology,22000,Fergus.Blacker@kilburnazon.com,26/09/2005,Broadgate Tower,77241 Arapahoe Court,21/01/2023,Internship,AJ281735A,Letitia Normabell,Mother,07295 892245
12214007,Estrella de Tocqueville,Factory Worker,Operations,29193,Estrella.de Tocqueville@kilburnazon.com,09/05/1985,Scotland Distribution Centre,6 Bunker Hill Plaza,28/01/2021,Full-Time,RZ897581B,Michel Archanbault,,
15419236,Raynard Scriviner,Junior Developer,Technology,68175,Raynard.Scriviner@kilburnazon.com,27/03/2008,Kilburn Building,531 Hoard Place,26/03/2023,Part-Time,ST135719D,Emiline McEnhill,,07952 777488
12216342,Alvina Le Grys,Factory Worker,Operations,22389,Alvina.Le Grys@kilburnazon.com,15/04/1980,Scotland Distribution Centre,7118 Del Mar Terrace,07/02/2015,Full-Time,AN547962C,,Mother,07038 288225
12312622,Tish Armsden,Delivery Driver,Operations,31890,Tish.Armsden@kilburnazon.com,08/10/2007,Wales Distribution Centre,1 Holy Cross Alley,31/01/2021,Full-Time,MA003782C,Tedd Elcott,Husband,07929 076995
12212831,Cobb Ricart,Factory Worker,Operations,26642,Cobb.Ricart@kilburnazon.com,22/01/1987,Scotland Distribution Centre,04195 Gale Plaza,10/05/2020,Full-Time,JV246199D,Alica Smewings,Mother,
15212726,Ad Gitthouse,Back End Developer,Technology,38896,Ad.Gitthouse@kilburnazon.com,06/05/2008,Lewis Building,85018 Bluejay Way,21/08/2018,Full-Time,YF342757B,,Girlfriend,07933 924971
12215785,Russ Thick,Factory Worker,Operations,26277,Russ.Thick@kilburnazon.com,08/11/2002,Wales Distribution Centre,10 North Way,12/02/2018,Full-Time,FF334132C,Brose Bewsey,Civil Partner,07551 210971
14319195,Loutitia Marsay,Product Designer,Marketing,29351,Loutitia.Marsay@kilburnazon.com,15/05/1999,Kilburn Building,19713 Jenna Trail,30/10/2020,Full-Time,KF921497D,Natalina Ollis,,
12116288,Deeanne Westoll,Health & Safety Officer,Operations,34693,Deeanne.Westoll@kilburnazon.com,06/12/1977,England Central Distribution Centre,412 North Street,21/09/2016,Full-Time,XR656206B,Zeke Vennings,Wife,07647 152752
12218878,Lari Lesaunier,Factory Worker,Operations,26072,Lari.Lesaunier@kilburnazon.com,16/02/1997,Wales Distribution Centre,44 Dakota Avenue,16/08/2022,Full-Time,EY051190D,Melissa Lerer,Boyfriend,
12316925,Jacklyn Schuricke,Delivery Driver,Operations,28147,Jacklyn.Schuricke@kilburnazon.com,21/11/1999,England Central Distribution Centre,13653 Granby Pass,17/08/2016,Full-Time,TW771202A,Cyrill Ismirnioglou,Husband,07841 597997
12213809,Tate Cowton,Factory Worker,Operations,26798,Tate.Cowton@kilburnazon.com,02/07/1996,England Central Distribution Centre,1 Kensington Pass,07/11/2019,Full-Time,MP800168B,Cody Trymme,Girlfriend,07148 668953
12219550,Duky Belfit,Factory Worker,Operations,27710,Duky.Belfit@kilburnazon.com,27/02/1977,England South Distribution Centre,66619 Ruskin Avenue,07/01/2023,Full-Time,ME613124D,Arvy Covely,Girlfriend,07146 735902
12219779,Muffin Herion,Factory Worker,Operations,24658,Muffin.Herion@kilburnazon.com,13/10/1986,England South Distribution Centre,2523 Mcbride Avenue,15/07/2021,Full-Time,RF555700B,Gloriana Huckell,,07502 956122
12219646,Nolie Maiklem,Factory Worker,Operations,28901,Nolie.Maiklem@kilburnazon.com,02/07/1997,Scotland Distribution Centre,32022 Haas Pass,19/08/2018,Full-Time,YY366239A,Louie Dommett,,
12212982,Archer Blakely,Factory Worker,Operations,24840,Archer.Blakely@kilburnazon.com,18/05/2004,Northern Ireland Distribution Centre,3 Forest Dale Drive,20/04/2016,Full-Time,TT192832C,Patricio Speechly,Civil Partner,07817 587038
12112712,Jenda Cohrs,Health & Safety Officer,Operations,32861,Jenda.Cohrs@kilburnazon.com,25/12/2000,England North Distribution Centre,85093 Stuart Point,23/11/2023,Part-Time,IE617692A,Elsworth Roskruge,Wife,07301 166168
12214573,Silvie Kensy,Factory Worker,Operations,23750,Silvie.Kensy@kilburnazon.com,17/02/2007,Wales Distribution Centre,9 Forest Run Trail,14/02/2018,Full-Time,KQ688135B,Liliane Spirit,Girlfriend,07180 069610
12313366,Nelson Gabala,Delivery Driver,Operations,28300,Nelson.Gabala@kilburnazon.com,14/10/1975,England Central Distribution Centre,60618 Fremont Crossing,17/11/2016,Part-Time,BK288308D,,Boyfriend,
12214152,Edmon Hunnable,Factory Worker,Operations,29285,Edmon.Hunnable@kilburnazon.com,28/01/2003,England Central Distribution Centre,640 Fieldstone Crossing,20/04/2021,Full-Time,WU139834B,Marcus Demkowicz,Father,
12212803,Nicki Soall,Factory Worker,Operations,28490,Nicki.Soall@kilburnazon.com,23/02/1986,Wales Distribution Centre,8991 Gerald Crossing,15/03/2018,Full-Time,KQ705677B,Nataniel Denman,Boyfriend,07551 879062
12314042,Courtnay Glowach,Delivery Driver,Operations,29544,Courtnay.Glowach@kilburnazon.com,14/05/1999,England North Distribution Centre,6 Red Cloud Plaza,12/05/2015,Part-Time,MY766732B,,Mother,
11224403,Steve Hopper,CMO,Executive,n/d,Steve.Hopper@kilburnazon.com,27/08/1986,Kilburn Building,21917 Forest Place,11/11/2015,Full-Time,BG154525C,,Civil Partner,07279 090043
12217623,Ebba MacLeese,Factory Worker,Operations,25826,Ebba.MacLeese@kilburnazon.com,23/05/1989,England North Distribution Centre,6 Ridgeway Place,29/11/2015,Full-Time,DV715327B,Cal Maybey,Civil Partner,07126 482408
12215537,Georgeta Wimsett,Factory Worker,Operations,29149,Georgeta.Wimsett@kilburnazon.com,03/03/2000,Scotland Distribution Centre,9 Northland Avenue,29/09/2023,Full-Time,SI936435A,,Girlfriend,07925 226446
12110062,Sheela Plews,Health & Safety Officer,Operations,28546,Sheela.Plews@kilburnazon.com,04/12/2004,England South Distribution Centre,424 Nancy Terrace,16/08/2017,Part-Time,SE804347A,Briant Tall,Girlfriend,
12215968,Thadeus Frances,Factory Worker,Operations,22214,Thadeus.Frances@kilburnazon.com,21/10/2004,Wales Distribution Centre,3489 Sunbrook Avenue,07/01/2018,Full-Time,MP338297A,Selena Gilliat,Girlfriend,07459 397115
14315369,Uta Ashbee,Product Designer,Marketing,23762,Uta.Ashbee@kilburnazon.com,09/10/1989,Lewis Building,73746 Commercial Pass,30/12/2015,Full-Time,RY032334C,Danette Costi,,07997 748914
14216011,Berny Mountstephen,Industry Researcher,Marketing,24129,Berny.Mountstephen@kilburnazon.com,16/12/1986,Lewis Building,5347 Vermont Parkway,07/11/2020,Full-Time,CM316192A,,Mother,07532 858225
12219584,Fernandina Pietrzyk,Factory Worker,Operations,27538,Fernandina.Pietrzyk@kilburnazon.com,03/09/1991,Northern Ireland Distribution Centre,797 Reinke Park,01/12/2015,Full-Time,OD878006D,Melesa Raoult,Father,07920 910745
12211356,Brook Ewington,Factory Worker,Operations,24899,Brook.Ewington@kilburnazon.com,24/08/1995,England Central Distribution Centre,2337 Schurz Park,31/12/2018,Part-Time,PJ845064C,Elmer Viccars,,07734 615318
12214048,Cece Corneck,Factory Worker,Operations,24867,Cece.Corneck@kilburnazon.com,17/06/1977,Scotland Distribution Centre,5941 Everett Road,08/02/2020,Full-Time,UE573499B,Bryanty Janjusevic,Boyfriend,07167 846379
1221709,Emmey Hirtz,Factory Worker,Operations,27263,Emmey.Hirtz@kilburnazon.com,30/11/2005,England South Distribution Centre,2 Sunfield Parkway,31/07/2020,Full-Time,GV786046B,Aigneis Mollatt,Husband,07136 161512
12217291,Melantha Merricks,Factory Worker,Operations,28884,Melantha.Merricks@kilburnazon.com,23/03/1976,Wales Distribution Centre,03738 Prairie Rose Road,26/09/2019,Part-Time,MI009758A,Hebert Learmond,Husband,07730 757373
11226496,Jeff Lovelace,CFO,Executive,n/d,Jeff.Lovelace@kilburnazon.com,15/12/1976,Kilburn Building,2 Waubesa Terrace,16/07/2016,Full-Time,SY194109A,,Boyfriend,07786 830672
12312658,Kailey Gilfoy,Delivery Driver,Operations,25278,Kailey.Gilfoy@kilburnazon.com,22/03/1992,Scotland Distribution Centre,6 Cardinal Pass,26/12/2018,Full-Time,XX406929D,Orsola Philip,,07476 651024
15119246,Felisha Folke,Front End Developer,Technology,38958,Felisha.Folke@kilburnazon.com,29/07/1982,Broadgate Tower,0773 Del Mar Place,14/08/2018,Part-Time,DY315283B,Brigitta Greep,,07079 952137
11229804,Tracey Gates,COO,Executive,n/d,Tracey.Gates@kilburnazon.com,26/10/1977,Kilburn Building,29916 Elmside Center,26/07/2017,Full-Time,AN593683D,Karlens Kilfether,,07770 850 516
12213338,Myrna Kilfedder,Factory Worker,Operations,27977,Myrna.Kilfedder@kilburnazon.com,22/09/1994,England Central Distribution Centre,746 Carey Hill,13/09/2016,Part-Time,ZN341846D,Erasmus Franchyonok,,07046 104357
15210392,Gert Romagnosi,Back End Developer,Technology,37617,Gert.Romagnosi@kilburnazon.com,29/04/1995,Kilburn Building,81 Mallard Alley,21/08/2016,Full-Time,TG492624A,Jilly Fullbrook,Girlfriend,07405 079997
12211317,Park Smallridge,Factory Worker,Operations,29224,Park.Smallridge@kilburnazon.com,28/12/2008,England North Distribution Centre,18 Hauk Place,26/10/2017,Full-Time,XJ058657D,,Wife,07764 434396
11214682,Jarvis Kare,PA,Executive,75000,Jarvis.Kare@kilburnazon.com,06/03/1981,Kilburn Building,75631 Hazelcrest Court,16/11/2015,Full-Time,DF625255C,Pittem Kare,Wife,
15218274,Brooke Bevir,Back End Developer,Technology,41271,Brooke.Bevir@kilburnazon.com,08/12/1992,Broadgate Tower,9456 Charing Cross Parkway,15/04/2020,Full-Time,SJ671620A,Tremayne Mumford,Girlfriend,07070 829323
12215562,Silvan Murrum,Factory Worker,Operations,27210,Silvan.Murrum@kilburnazon.com,19/11/1988,England North Distribution Centre,3485 Farwell Avenue,05/02/2016,Full-Time,QR276424B,Riannon Hedgeley,Girlfriend,07416 475697
12214121,Gerek Piccop,Factory Worker,Operations,27388,Gerek.Piccop@kilburnazon.com,26/10/1984,Wales Distribution Centre,52 Donald Terrace,10/10/2021,Full-Time,TX132819D,Gaylor McMurray,Boyfriend,07092 071016
12113666,Edythe Colisbe,Health & Safety Officer,Operations,27512,Edythe.Colisbe@kilburnazon.com,04/07/2008,England North Distribution Centre,7244 Northland Alley,04/07/2019,Full-Time,MO232288B,,Civil Partner,07749 087584
12215734,Reinold Batcheldor,Factory Worker,Operations,23196,Reinold.Batcheldor@kilburnazon.com,23/01/1998,Northern Ireland Distribution Centre,54841 Eastlawn Alley,26/09/2020,Full-Time,HP910350D,Quillan Cotelard,,07402 789089
13111738,Mirabella Gullane,Accountant,Finance,38988,Mirabella.Gullane@kilburnazon.com,20/05/1996,Lewis Building,3 Beilfuss Trail,28/12/2020,Part-Time,KF883937B,,Boyfriend,07862 622159
15310538,Barnie Howsden,Full Stack Developer,Technology,78124,Barnie.Howsden@kilburnazon.com,28/05/2004,Lewis Building,940 Green Ridge Crossing,26/04/2017,Part-Time,QW437381C,,Mother,07654 711451
14111094,Gerek Davenell,Brand Developer,Marketing,28285,Gerek.Davenell@kilburnazon.com,28/07/1993,Lewis Building,057 Dixon Park,20/09/2020,Freelance,ZX739819A,,Husband,07183 143586
13212738,Paolo Lewin,Financial Analyst,Finance,32254,Paolo.Lewin@kilburnazon.com,27/07/1995,Kilburn Building,84332 Oak Plaza,13/08/2020,Full-Time,RI019366A,Jenica McGrudder,Girlfriend,07963 860510
12211587,Andres De Marchi,Factory Worker,Operations,23519,Andres.De Marchi@kilburnazon.com,14/06/1984,England South Distribution Centre,895 David Alley,13/12/2021,Full-Time,OJ510253B,Saudra Cuthbertson,,07280 447664
12211691,Rikki Pauer,Factory Worker,Operations,22074,Rikki.Pauer@kilburnazon.com,27/12/1981,Scotland Distribution Centre,82787 Rowland Junction,12/12/2020,Part-Time,FA890103C,,Civil Partner,07586 267442
12313264,Leyla Boraston,Delivery Driver,Operations,26346,Leyla.Boraston@kilburnazon.com,26/07/1976,Wales Distribution Centre,494 Grim Alley,28/06/2020,Full-Time,WB171749D,,,07518 048416
12311037,Bettina Karby,Delivery Driver,Operations,29913,Bettina.Karby@kilburnazon.com,11/02/2004,England Central Distribution Centre,42818 Farragut Park,29/08/2016,Full-Time,DC674435A,Leora Brownstein,Girlfriend,07681 639640
12217234,Jozef Stinton,Factory Worker,Operations,23923,Jozef.Stinton@kilburnazon.com,19/05/1991,England Central Distribution Centre,2191 Eagle Crest Road,19/06/2015,Part-Time,CK472140C,Judi Scanlon,Civil Partner,07764 252550
15112846,Quintina Stannard,Front End Developer,Technology,48586,Quintina.Stannard@kilburnazon.com,24/10/2002,Lewis Building,695 Mariners Cove Court,30/04/2018,Part-Time,OS711286D,Livvy Shingles,Wife,
11123211,Elon Bazos,CEO,Executive,n/d,Elon.Bazos@kilburnazon.com,12/04/1974,Kilburn Building,534 Moulton Avenue,15/02/2014,Full-Time,RE885173B,Stanislas Tunnow,Wife,07208 300969
12215594,Nan Branchett,Factory Worker,Operations,27496,Nan.Branchett@kilburnazon.com,22/07/2004,England South Distribution Centre,8470 Dorton Pass,18/08/2023,Full-Time,VM862134C,,Boyfriend,07140 397605
14312778,Andris O'Coskerry,Product Designer,Marketing,23747,Andris.O'Coskerry@kilburnazon.com,08/04/1988,Broadgate Tower,70267 Hallows Plaza,05/04/2017,Full-Time,DE252849D,Fernande Struthers,Father,07699 818669
12212133,Hymie Stratford,Factory Worker,Operations,24560,Hymie.Stratford@kilburnazon.com,25/07/1983,England Central Distribution Centre,4 Armistice Place,08/12/2017,Full-Time,QJ749434A,Annmaria McMorran,Father,07995 987135
15311928,Hobard McQuillen,Full Stack Developer,Technology,68912,Hobard.McQuillen@kilburnazon.com,30/12/1981,Lewis Building,147 Clarendon Lane,24/11/2023,Part-Time,VN239373D,,Husband,
14316558,Portie Shera,Product Designer,Marketing,25682,Portie.Shera@kilburnazon.com,28/12/1989,Kilburn Building,263 Old Gate Road,04/02/2016,Full-Time,AU408831D,Daria Menichillo,,07373 825339
12216138,Reta Lympany,Factory Worker,Operations,23051,Reta.Lympany@kilburnazon.com,21/01/1995,England North Distribution Centre,408 Meadow Valley Street,14/09/2017,Full-Time,KT258389D,Hilliary Cullingford,,07663 787888
13211973,Elden Toy,Financial Analyst,Finance,39153,Elden.Toy@kilburnazon.com,04/06/2004,Lewis Building,2816 Florence Crossing,02/01/2023,Full-Time,NL822476D,Kienan Killeley,Father,
12218053,Judith Ingry,Factory Worker,Operations,23852,Judith.Ingry@kilburnazon.com,20/11/1985,Scotland Distribution Centre,1378 Caliangt Way,03/05/2022,Full-Time,NN501872D,Pierrette Renvoise,Wife,
12218960,Rockwell Bradshaw,Factory Worker,Operations,23982,Rockwell.Bradshaw@kilburnazon.com,11/02/1994,Scotland Distribution Centre,232 Colorado Trail,26/05/2016,Full-Time,AE765414B,Carmine Stickel,Boyfriend,
12318662,Viki Maddinon,Delivery Driver,Operations,31908,Viki.Maddinon@kilburnazon.com,09/03/1990,England North Distribution Centre,42 Thierer Center,15/03/2020,Freelance,TI165499C,Afton Walden,,07039 917113
12312718,Jessee Gilliatt,Delivery Driver,Operations,33264,Jessee.Gilliatt@kilburnazon.com,19/05/1986,Wales Distribution Centre,1 Ridgeview Court,03/02/2016,Full-Time,GP806436B,Adiana Calveley,,07013 385409
12311703,Elsworth Vannuccini,Delivery Driver,Operations,26213,Elsworth.Vannuccini@kilburnazon.com,15/10/2004,England South Distribution Centre,1 Killdeer Parkway,18/10/2023,Full-Time,LL003960D,Sansone Majury,Wife,07750 314774
12111088,Tierney Saura,Health & Safety Officer,Operations,33774,Tierney.Saura@kilburnazon.com,20/08/2003,Wales Distribution Centre,36 Fordem Way,16/02/2023,Full-Time,IB336855D,,,07776 617476
15518273,Julissa Pedrocchi,Cyber Security,Technology,62946,Julissa.Pedrocchi@kilburnazon.com,28/02/1989,Lewis Building,23483 Clove Circle,21/02/2022,Part-Time,XA340620B,,Wife,07043 095609
12313980,Natalie Riggert,Delivery Driver,Operations,31733,Natalie.Riggert@kilburnazon.com,30/06/1984,Northern Ireland Distribution Centre,0 Melvin Plaza,29/07/2016,Full-Time,DZ022802D,Cale Aspital,,07150 096722
15413871,Tobit Blacker,Junior Developer,Technology,22000,Tobit.Blacker@kilburnazon.com,26/09/2005,Broadgate Tower,77241 Arapahoe Court,21/01/2023,Internship,PX409930A,Letitia Normabell,Mother,07295 892245
12311055,Elora Lundbech,Delivery Driver,Operations,31513,Elora.Lundbech@kilburnazon.com,31/01/1983,England South Distribution Centre,2597 Hintze Court,31/03/2020,Full-Time,TP864527A,Raymond Palatini,Husband,
12217466,Joelynn Dorgan,Factory Worker,Operations,22660,Joelynn.Dorgan@kilburnazon.com,08/08/1989,England Central Distribution Centre,556 Merchant Drive,02/01/2016,Full-Time,QQ562762D,Rog Redman,Wife,07596 559644
12214028,Shae Piotrowski,Factory Worker,Operations,22078,Shae.Piotrowski@kilburnazon.com,06/11/1984,England South Distribution Centre,469 Clyde Gallagher Way,05/09/2022,Full-Time,ZG697320A,Malory Garrals,Father,07383 324090
12219595,Octavius Campkin,Factory Worker,Operations,27289,Octavius.Campkin@kilburnazon.com,15/01/1999,Wales Distribution Centre,15 Meadow Vale Drive,03/11/2022,Full-Time,TT300300B,Claus Starking,,07947 350202
12311581,Hesther Mallows,Delivery Driver,Operations,27848,Hesther.Mallows@kilburnazon.com,26/12/2000,England North Distribution Centre,51052 Hazelcrest Pass,28/02/2024,Full-Time,XH223005D,,Husband,
12213973,Andee Pulley,Factory Worker,Operations,29053,Andee.Pulley@kilburnazon.com,28/10/2006,Scotland Distribution Centre,212 Mccormick Way,21/03/2021,Full-Time,ZR122877D,Esteban McDill,Civil Partner,07812 005920
14118236,Emogene Burchard,Brand Developer,Marketing,25249,Emogene.Burchard@kilburnazon.com,19/07/1988,Broadgate Tower,25 Arkansas Trail,29/09/2022,Part-Time,UZ112160A,,Boyfriend,
15114920,Archie Mongeot,Front End Developer,Technology,46420,Archie.Mongeot@kilburnazon.com,05/06/1986,Kilburn Building,210 Lake View Pass,05/04/2023,Freelance,DS458797C,,,
12218688,Randee Hedgeman,Factory Worker,Operations,24395,Randee.Hedgeman@kilburnazon.com,22/11/2003,England South Distribution Centre,68 Mcbride Road,21/08/2019,Full-Time,UN052491C,Katie Pryor,,07663 548014
12212901,Nyssa Gerhold,Factory Worker,Operations,28395,Nyssa.Gerhold@kilburnazon.com,26/11/1977,England South Distribution Centre,79171 Luster Drive,11/07/2020,Full-Time,QX909374C,Veda Mapson,Wife,
15118902,Torrey Lidgertwood,Front End Developer,Technology,37008,Torrey.Lidgertwood@kilburnazon.com,12/02/2006,Lewis Building,366 Eagle Crest Park,07/05/2023,Full-Time,MB541802C,Tull North,,07082 174879
12214750,Zorina Rumgay,Factory Worker,Operations,26338,Zorina.Rumgay@kilburnazon.com,12/07/2007,England North Distribution Centre,75495 Mendota Drive,28/02/2024,Full-Time,BE368387B,Bonnee Parade,Boyfriend,07150 674848
12315187,Cayla Manginot,Delivery Driver,Operations,30474,Cayla.Manginot@kilburnazon.com,03/08/2005,Scotland Distribution Centre,446 Springs Pass,20/12/2021,Full-Time,PW746511A,Keane Ales0,Civil Partner,07707 013055
12114168,Cymbre Braiden,Health & Safety Officer,Operations,22947,Cymbre.Braiden@kilburnazon.com,09/03/1984,Northern Ireland Distribution Centre,0 Artisan Road,23/04/2022,Full-Time,LD278104D,Danette Dines,,07777 784214
12319513,Hillie Hele,Delivery Driver,Operations,33855,Hillie.Hele@kilburnazon.com,04/02/1999,England Central Distribution Centre,820 Graceland Place,25/07/2021,Full-Time,ZO227530D,Bettina Evanson,Girlfriend,07334 622208
12214303,Romeo Mc Combe,Factory Worker,Operations,28963,Romeo.Mc Combe@kilburnazon.com,27/08/2001,England Central Distribution Centre,29334 Veith Alley,15/11/2021,Full-Time,NT727673A,,Wife,07951 197373
12212299,Hamel Hurtic,Factory Worker,Operations,26292,Hamel.Hurtic@kilburnazon.com,09/01/2008,England North Distribution Centre,0 West Crossing,10/02/2019,Full-Time,IU169701B,Wells Zemler,,07851 839533
12219701,Graham Pannett,Factory Worker,Operations,23595,Graham.Pannett@kilburnazon.com,16/12/1994,Northern Ireland Distribution Centre,64489 Luster Circle,03/02/2021,Full-Time,JT025781C,Jordanna Buxsey,Mother,07756 130401
12215349,Murdock Couves,Factory Worker,Operations,27174,Murdock.Couves@kilburnazon.com,02/10/2006,England South Distribution Centre,2825 Merry Parkway,25/10/2017,Part-Time,KJ917140A,Bendicty Jenney,,07335 479379
15311947,Tamqrah Havill,Full Stack Developer,Technology,89016,Tamqrah.Havill@kilburnazon.com,30/11/1974,Kilburn Building,03 Monument Trail,23/11/2019,Part-Time,ZU142453A,Burnard Yosifov,Girlfriend,07231 488090
12112750,Carol Paolozzi,Health & Safety Officer,Operations,25195,Carol.Paolozzi@kilburnazon.com,26/07/1983,England South Distribution Centre,56 John Wall Point,25/09/2016,Part-Time,ME002330D,Jone Phelp,Wife,07727 912036
15214928,Eb Scotter,Back End Developer,Technology,35585,Eb.Scotter@kilburnazon.com,25/09/2001,Kilburn Building,8295 Milwaukee Junction,14/11/2021,Freelance,UQ114832D,Rosabel Rosell,Girlfriend,07949 698940
12219325,Atlanta Wimmer,Factory Worker,Operations,26637,Atlanta.Wimmer@kilburnazon.com,17/11/1996,England North Distribution Centre,6286 Burrows Plaza,17/06/2022,Full-Time,VH221989D,,,
12316053,Donn Muscat,Delivery Driver,Operations,27092,Donn.Muscat@kilburnazon.com,26/05/1999,Wales Distribution Centre,2269 Marquette Terrace,06/11/2022,Full-Time,MM977993D,,Mother,07794 304300
14319953,Cornelle Plowright,Product Designer,Marketing,28686,Cornelle.Plowright@kilburnazon.com,15/03/1993,Kilburn Building,8902 Eastlawn Court,22/03/2015,Full-Time,UG075011C,Calypso Mapston,,07608 461696
12211065,Francis Horsted,Factory Worker,Operations,23375,Francis.Horsted@kilburnazon.com,25/07/1988,Northern Ireland Distribution Centre,7 Crownhardt Plaza,29/07/2023,Full-Time,GP190594B,Vittorio Deacock,Father,07635 422929
12211861,Dud Laible,Factory Worker,Operations,24642,Dud.Laible@kilburnazon.com,26/08/1985,England South Distribution Centre,7747 Butternut Crossing,25/08/2021,Full-Time,YH533098A,Vernice Perrycost,Mother,07705 656653
14319749,Brendon Pinck,Product Designer,Marketing,25881,Brendon.Pinck@kilburnazon.com,15/03/1983,Kilburn Building,1 Aberg Road,10/09/2021,Full-Time,QT527452D,,Mother,
12213841,Gustavus Hinrich,Factory Worker,Operations,27880,Gustavus.Hinrich@kilburnazon.com,25/01/2010,Wales Distribution Centre,11 Rockefeller Drive,10/04/2017,Full-Time,JE689255B,Dory Skynner,Boyfriend,07641 909987
15314926,Brunhilde Doring,Full Stack Developer,Technology,82064,Brunhilde.Doring@kilburnazon.com,04/03/1989,Lewis Building,8 Canary Terrace,05/06/2023,Full-Time,DY737542D,Marlin Knight,Civil Partner,07326 647976
14216103,Doretta Lavrick,Industry Researcher,Marketing,25206,Doretta.Lavrick@kilburnazon.com,02/03/2002,Lewis Building,72342 Swallow Drive,11/10/2019,Full-Time,IN506488A,Dacey Chasmoor,Mother,07780 371203
14311984,Annis Cranna,Product Designer,Marketing,24243,Annis.Cranna@kilburnazon.com,17/08/1987,Broadgate Tower,26 Bay Court,18/05/2021,Full-Time,RJ336182A,Dmitri Cranna,Husband,
15413482,Brande Setch,Junior Developer,Technology,53173,Brande.Setch@kilburnazon.com,01/06/2000,Kilburn Building,2 Columbus Terrace,11/09/2020,Full-Time,CM199844A,Nerissa Maisey,Wife,07740 330980
12212751,Ira Wasiela,Factory Worker,Operations,27487,Ira.Wasiela@kilburnazon.com,13/12/1997,Wales Distribution Centre,855 Corben Plaza,21/04/2024,Full-Time,UR499786B,Rosalynd Robet,Civil Partner,07295 498242
12219024,Myrtia Querree,Factory Worker,Operations,25277,Myrtia.Querree@kilburnazon.com,17/07/1985,Wales Distribution Centre,9 Claremont Plaza,11/12/2017,Full-Time,EO523284A,Kelley Porrett,Husband,07333 032436
1221792,Gregg Schiell,Factory Worker,Operations,25773,Gregg.Schiell@kilburnazon.com,02/10/1978,Northern Ireland Distribution Centre,4 Bay Street,10/10/2023,Full-Time,FD270800C,Jerri Allan,Husband,
12219510,Alice Dunklee,Factory Worker,Operations,28410,Alice.Dunklee@kilburnazon.com,28/05/2003,England South Distribution Centre,615 Anhalt Circle,26/07/2020,Full-Time,AF026052C,Francine Marzello,Father,07244 052918
15119273,Jolene Leeuwerink,Front End Developer,Technology,43182,Jolene.Leeuwerink@kilburnazon.com,28/03/1989,Broadgate Tower,7 Comanche Hill,24/01/2018,Part-Time,FL470973C,Ronda Mabley,Wife,07342 424970
12311667,Ursuline Boltwood,Delivery Driver,Operations,30717,Ursuline.Boltwood@kilburnazon.com,23/11/1996,England South Distribution Centre,00426 Erie Place,03/01/2024,Full-Time,XT806503B,,Mother,
12212488,Susette Hammer,Factory Worker,Operations,29674,Susette.Hammer@kilburnazon.com,26/12/1978,Wales Distribution Centre,25117 Waubesa Park,23/11/2022,Full-Time,IW817361B,Gardner Brastead,Husband,07256 179974
12313725,Tedda Howle,Delivery Driver,Operations,32593,Tedda.Howle@kilburnazon.com,15/03/1997,England South Distribution Centre,581 Pepper Wood Lane,15/08/2017,Full-Time,WU418446C,Gilbertina Glaisner,Girlfriend,07482 265277
12316237,Bald Spindler,Delivery Driver,Operations,28972,Bald.Spindler@kilburnazon.com,12/11/1977,Northern Ireland Distribution Centre,894 Stoughton Way,29/08/2018,Full-Time,KY965343C,Isidor Hillan,,07722 676666
12218834,Lyndel Ivankov,Factory Worker,Operations,27114,Lyndel.Ivankov@kilburnazon.com,08/10/1980,Wales Distribution Centre,3017 Arapahoe Center,19/04/2019,Full-Time,UC182199C,Humfrey Easbie,Father,
12311153,Prissie Berthome,Delivery Driver,Operations,25745,Prissie.Berthome@kilburnazon.com,22/09/1990,England North Distribution Centre,27 Sunnyside Parkway,21/02/2017,Full-Time,ER911659C,Quintus Battelle,Husband,07478 793423
12219204,Lovell Pullan,Factory Worker,Operations,27984,Lovell.Pullan@kilburnazon.com,19/07/1987,England South Distribution Centre,1586 Gina Avenue,08/12/2015,Full-Time,GU758119B,Tisha Wycliff,Civil Partner,
12212102,Kittie McLaverty,Factory Worker,Operations,26100,Kittie.McLaverty@kilburnazon.com,16/07/2008,Scotland Distribution Centre,49691 Forest Place,17/11/2016,Part-Time,WC624356A,Cory Ioselevich,Civil Partner,
12213983,Norene Caurah,Factory Worker,Operations,25026,Norene.Caurah@kilburnazon.com,23/07/2007,England South Distribution Centre,29 Novick Plaza,07/10/2017,Full-Time,VA851027A,Reamonn Daleman,,07866 713818
12319914,Saidee Favela,Delivery Driver,Operations,31935,Saidee.Favela@kilburnazon.com,16/04/1999,England South Distribution Centre,94 Ruskin Street,10/11/2016,Full-Time,ZV971333B,Shaine Olsson,,07512 967997
13117262,Samara Le febre,Accountant,Finance,44372,Samara.Le febre@kilburnazon.com,16/05/1990,Lewis Building,200 Delladonna Terrace,14/12/2021,Full-Time,XA964107B,Marylynne Jonsson,Mother,07437 831717
12315752,Evvie Chesters,Delivery Driver,Operations,26877,Evvie.Chesters@kilburnazon.com,04/09/1997,Northern Ireland Distribution Centre,84068 Sycamore Trail,14/07/2015,Freelance,AN202720C,Natasha Santoro,,07084 119115
15210019,Philipa Secret,Back End Developer,Technology,39583,Philipa.Secret@kilburnazon.com,15/12/1995,Broadgate Tower,02657 Summit Place,05/02/2020,Part-Time,BU955906D,Jeramey Czadla,Girlfriend,07360 969163
12217046,Dehlia Jackes,Factory Worker,Operations,28581,Dehlia.Jackes@kilburnazon.com,13/08/1984,Scotland Distribution Centre,193 Village Green Hill,08/12/2022,Full-Time,RV614094A,Marrilee Gainsford,Father,07838 245506
12212183,Elton Brailey,Factory Worker,Operations,25216,Elton.Brailey@kilburnazon.com,29/08/1983,England North Distribution Centre,1846 Eagan Center,23/11/2021,Full-Time,NY623452C,,Husband,07792 581415
12215484,Elena Pirdue,Factory Worker,Operations,22682,Elena.Pirdue@kilburnazon.com,06/11/1977,Wales Distribution Centre,506 Arkansas Trail,20/06/2017,Full-Time,VA222115A,Aurel Byles,Mother,07371 440337
12213491,Bernadene Christall,Factory Worker,Operations,24461,Bernadene.Christall@kilburnazon.com,28/04/1994,Scotland Distribution Centre,4172 Melvin Street,15/03/2015,Full-Time,IZ802514D,Arlene de Castelain,Mother,07369 082498
12317808,Philippine Hinchcliffe,Delivery Driver,Operations,32534,Philippine.Hinchcliffe@kilburnazon.com,24/04/2003,Scotland Distribution Centre,29800 Main Alley,13/08/2015,Freelance,FZ330174A,Abbe Needs,Wife,
1221908,Lock McCurrie,Factory Worker,Operations,26375,Lock.McCurrie@kilburnazon.com,21/07/2004,England South Distribution Centre,25218 Eastlawn Terrace,19/07/2022,Full-Time,PU212720A,Adoree Tomkies,Boyfriend,07083 955300
12219474,Carmelina Draxford,Factory Worker,Operations,23557,Carmelina.Draxford@kilburnazon.com,23/06/1983,England North Distribution Centre,22104 Sundown Hill,20/06/2018,Full-Time,SF517589B,,Civil Partner,07773 365110
12312661,Yance Colenutt,Delivery Driver,Operations,34275,Yance.Colenutt@kilburnazon.com,08/04/1977,England North Distribution Centre,3 Dwight Hill,11/01/2018,Freelance,EX860931B,Barclay Whitehall,Girlfriend,07935 195747
15512916,Sherye Larrat,Cyber Security,Technology,63743,Sherye.Larrat@kilburnazon.com,23/12/1993,Kilburn Building,700 Harper Alley,08/03/2018,Part-Time,ZK749313A,Isidora Hanster,,07736 429556
12218242,Bliss Scarlon,Factory Worker,Operations,29838,Bliss.Scarlon@kilburnazon.com,15/08/1995,Scotland Distribution Centre,98 Acker Road,08/06/2021,Full-Time,FX964363B,Frazier Lob,Boyfriend,07803 263257
12215263,Morganica Cornell,Factory Worker,Operations,22185,Morganica.Cornell@kilburnazon.com,24/01/1976,England Central Distribution Centre,555 Chinook Circle,03/03/2023,Full-Time,PX205687D,,Boyfriend,07528 372445
14311409,Karlotte Jeffry,Product Designer,Marketing,23759,Karlotte.Jeffry@kilburnazon.com,20/07/1991,Kilburn Building,964 Fordem Drive,13/11/2023,Full-Time,VP996371C,Viola Ferrario,Girlfriend,07717 776894
15419183,Bevvy Counihan,Junior Developer,Technology,95590,Bevvy.Counihan@kilburnazon.com,05/04/1992,Broadgate Tower,20943 Everett Park,04/07/2023,Part-Time,CU409429A,Fayth Bazylets,Girlfriend,
1221832,Cristin Loudian,Factory Worker,Operations,29058,Cristin.Loudian@kilburnazon.com,18/06/1989,England Central Distribution Centre,86 Fairview Drive,27/04/2016,Full-Time,OM263026A,Brantley Zanetti,,07889 556088
12216093,Gaultiero Folini,Factory Worker,Operations,25094,Gaultiero.Folini@kilburnazon.com,16/05/2003,England North Distribution Centre,4885 Southridge Street,08/08/2023,Full-Time,BS704468C,Donalt Volcker,,07558 160444
12212092,Arleyne Cherm,Factory Worker,Operations,24478,Arleyne.Cherm@kilburnazon.com,07/04/1993,Scotland Distribution Centre,48 Buhler Hill,10/10/2018,Full-Time,ZD863526A,,,
12218012,Linoel Leyfield,Factory Worker,Operations,28948,Linoel.Leyfield@kilburnazon.com,29/01/1997,Wales Distribution Centre,7183 Huxley Street,13/02/2016,Full-Time,MD948062C,,,07571 099273
12214418,Hamil Sonner,Factory Worker,Operations,27243,Hamil.Sonner@kilburnazon.com,19/05/1991,Wales Distribution Centre,06243 Trailsway Hill,29/07/2016,Full-Time,ZH643753A,,Civil Partner,07040 348788
12218854,Janie Gavaran,Factory Worker,Operations,29163,Janie.Gavaran@kilburnazon.com,10/07/2008,Northern Ireland Distribution Centre,21 Monterey Drive,19/10/2022,Part-Time,JB759596D,Susan Steeples,Girlfriend,07134 753781
12315928,Rubetta Dienes,Delivery Driver,Operations,30488,Rubetta.Dienes@kilburnazon.com,22/04/2009,England Central Distribution Centre,43037 Little Fleur Road,12/02/2018,Full-Time,TP293641C,Derrek Gladdin,Civil Partner,07860 628735